unit_code,unit_name
CABR,Cabrillo National Monument
CECH,César E. Chávez National Monument
CHIS,Channel Islands National Park
DEPO,Devils Postpile National Monument
DEVA,Death Valley National Park
EUON,Eugene O'Neill National Historic Site
FOPO,Fort Point National Historic Site
GOGA,Golden Gate National Recreation Area
JOMU,John Muir National Historic Site
JOTR,Joshua Tree National Park
KICA,Kings Canyon National Park
LABE,Lava Beds National Monument
LAVO,Lassen Volcanic National Park
MANZ,Manzanar National Historic Site
MOJA,Mojave National Preserve
MUWO,Muir Woods National Monument
PINN,Pinnacles National Park
POCH,Port Chicago Naval Magazine National Memorial
PORE,Point Reyes National Seashore
REDW,Redwood National and State Parks
RORI,Rosie the Riveter/World War II Home Front National Historical Park
SAFR,San Francisco Maritime National Historical Park
SAMO,Santa Monica Mountains National Recreation Area
SEQU,Sequoia National Park
TULE,Tule Lake National Monument
WHIS,Whiskeytown National Recreation Area
YOSE,Yosemite National Park
